station_name,municipality_code,source_station_id
九段下,131016,003650;003657;003658
二重橋前,131016,003772
内幸町,131016,003842
半蔵門,131016,003729
四ツ谷,131016,003728
国会議事堂前,131016,003799;003807
大手町,131016,003717;003719;003730;003738;003742
小川町,131016,003659
岩本町,131016,003655
市ヶ谷,131016,003671;003680;003685
御茶ノ水,131016,003615;003616
新御茶ノ水,131016,003645
日比谷,131016,003793;003802;003804
有楽町,131016,003795;003798
末広町,131016,003586
東京,131016,003758;003760;003766;003768;003769;003770;003785
桜田門,131016,003787
水道橋,131016,003591
永田町,131016,003781;003782;003784
淡路町,131016,003661
溜池山王,131016,003810
神保町,131016,003651;003652;003660
神田,131016,003666;003677;003678
秋葉原,131016,003624;003625;003626;003629
竹橋,131016,003691
霞ヶ関,131016,003803;003805;003820
飯田橋,131016,003595;003596;003608
麹町,131016,003737
三越前,131024,003716;003735
京橋,131024,003792
人形町,131024,003721;003722
八丁堀,131024,003797;003800
勝どき,131024,003927
宝町,131024,003796
小伝馬町,131024,003692
新富町,131024,003833
新日本橋,131024,003703
日本橋,131024,003756;003759;003762
月島,131024,003889;003893
東日本橋,131024,003676
東銀座,131024,003838;003843
水天宮前,131024,003753
浜町,131024,003706
築地,131024,003860
築地市場,131024,003886
茅場町,131024,003773;003776
銀座,131024,003809;003823;003827
銀座一丁目,131024,003801
馬喰横山,131024,003675
馬喰町,131024,003668
お台場海浜公園,131032,004091
モノレール浜松町,131032,003946
三田,131032,003986;003987
乃木坂,131032,003868
六本木,131032,003892;003897
六本木一丁目,131032,003884
内幸町,131032,003842
台場,131032,004112
品川,131032,004092;004095;004097;004101
外苑前,131032,003834
大門,131032,003939;003940
広尾,131032,003969
御成門,131032,003911
新橋,131032,003864;003872;003882;003888
日の出,131032,003979
汐留,131032,003887;003896
泉岳寺,131032,004042;004043
浜松町,131032,003949
溜池山王,131032,003810;003826
田町,131032,004000
白金台,131032,004044;004045
白金高輪,131032,004025;004026
神谷町,131032,003900
竹芝,131032,003958
芝公園,131032,003962
芝浦ふ頭,131032,004030
虎ノ門,131032,003835
虎ノ門ヒルズ,131032,003866
表参道,131032,003879;003883;003885
赤坂,131032,003822
赤坂見附,131032,003788;003789
赤羽橋,131032,003954
青山一丁目,131032,003812;003813;003817
高輪ゲートウェイ,131032,004061
高輪台,131032,004079
麻布十番,131032,003941;003955
下落合,131041,003491
中井,131041,003495;003503
信濃町,131041,003774
四ツ谷,131041,003723;003740
四谷三丁目,131041,003713
国立競技場,131041,003775
大久保,131041,003604
市ヶ谷,131041,003670;003671
新大久保,131041,003601
新宿,131041,003672;003683;003693;003700;003701;003708
新宿三丁目,131041,003684;003687;003689
新宿御苑前,131041,003707
新宿西口,131041,003669
早稲田,131041,003514;003570
曙橋,131041,003673
東新宿,131041,003612;003630
牛込柳町,131041,003618
牛込神楽坂,131041,003602
神楽坂,131041,003578
若松河田,131041,003623
落合南長崎,131041,003448
西新宿,131041,003662
西新宿五丁目,131041,003696
西早稲田,131041,003544
西武新宿,131041,003648
都庁前,131041,003690
面影橋,131041,003509
飯田橋,131041,003585;003595;003598
高田馬場,131041,003506;003508;003510
上野御徒町,131059,003543
千石,131059,003415
千駄木,131059,003434
後楽園,131059,003542;003550
御茶ノ水,131059,003605
新大塚,131059,003431
春日,131059,003529;003539
本郷三丁目,131059,003546;003559
本駒込,131059,003441
東大前,131059,003481
根津,131059,003483
水道橋,131059,003580
江戸川橋,131059,003534
湯島,131059,003558
白山,131059,003461
茗荷谷,131059,003484
護国寺,131059,003474
飯田橋,131059,003585
三ノ輪,131067,003399
上野,131067,003504;003505;003515;003517
上野広小路,131067,003545
上野御徒町,131067,003543
京成上野,131067,003521
仲御徒町,131067,003560
入谷,131067,003469
御徒町,131067,003555
新御徒町,131067,003556;003557
日暮里,131067,003420
浅草,131067,003502;003513;003522;003537
浅草橋,131067,003636;003640
田原町,131067,003530
稲荷町,131067,003519
蔵前,131067,003571;003583
鶯谷,131067,003460
とうきょうスカイツリー,131075,003524
両国,131075,003646;003654
京成曳舟,131075,003477
八広,131075,003422
小村井,131075,003525
押上,131075,003526;003527;003540;003541
曳舟,131075,003479;003480
本所吾妻橋,131075,003538
東あずま,131075,003548
東向島,131075,003442
菊川,131075,003709
錦糸町,131075,003639;003647
鐘ヶ淵,131075,003355
テレコムセンター,131083,004144
亀戸,131083,003635;003641
亀戸水神,131083,003610
住吉,131083,003704;003705
南砂町,131083,003854
国際展示場,131083,004065
大島,131083,003698
市場前,131083,004001
新木場,131083,003995;003997;003998
新豊洲,131083,003981
有明,131083,004064
有明テニスの森,131083,004037
木場,131083,003840
東京テレポート,131083,004108
東京ビッグサイト,131083,004087
東京国際クルーズターミナル,131083,004128
東大島,131083,003695
東陽町,131083,003839
東雲,131083,004034
森下,131083,003711;003712
清澄白河,131083,003754;003757
潮見,131083,003928
西大島,131083,003702
豊洲,131083,003951;003961
越中島,131083,003859
辰巳,131083,003999
門前仲町,131083,003818;003824
青海,131083,004119
下神明,131091,004188
不動前,131091,004114
中延,131091,004215;004218
五反田,131091,004107;004110;004117
北品川,131091,004125
品川シーサイド,131091,004182
大井町,131091,004193;004197;004207
大崎,131091,004135;004136
大崎広小路,131091,004127
大森海岸,131091,004268
天王洲アイル,131091,004123;004129
戸越,131091,004161
戸越公園,131091,004186
戸越銀座,131091,004155
新馬場,131091,004153
旗の台,131091,004219;004221
武蔵小山,131091,004133
目黒,131091,004071;004072;004073;004074
立会川,131091,004244
荏原中延,131091,004181
荏原町,131091,004225
西大井,131091,004235
西小山,131091,004157
青物横丁,131091,004184
高輪台,131091,004079
鮫洲,131091,004220
中目黒,131105,004014;004015
大岡山,131105,004200;004202
学芸大学,131105,004094
池尻大橋,131105,003972
洗足,131105,004180
祐天寺,131105,004050
緑が丘,131105,004210
自由が丘,131105,004196;004199
都立大学,131105,004143
駒場東大前,131105,003929
下丸子,131113,004310
久が原,131113,004292
京急蒲田,131113,004331;004332
六郷土手,131113,004399
北千束,131113,004212
千鳥町,131113,004305
多摩川,131113,004261;004262
大岡山,131113,004200;004202
大森,131113,004264
大森海岸,131113,004268
大森町,131113,004307
大鳥居,131113,004356
天空橋,131113,004373;004374
平和島,131113,004294
御嶽山,131113,004273
整備場,131113,004348
新整備場,131113,004393
昭和島,131113,004312
梅屋敷,131113,004319
武蔵新田,131113,004317
池上,131113,004309
沼部,131113,004279
洗足池,131113,004239
流通センター,131113,004285
田園調布,131113,004245;004246
矢口渡,131113,004329
石川台,131113,004247
穴守稲荷,131113,004364
糀谷,131113,004349
羽田空港第1ターミナル,131113,004372
羽田空港第1・第2ターミナル,131113,004368
羽田空港第2ターミナル,131113,004361
羽田空港第3ターミナル,131113,004382;004388
蒲田,131113,004328;004330;004333
蓮沼,131113,004323
西馬込,131113,004270
長原,131113,004232
雑色,131113,004367
雪が谷大塚,131113,004259
馬込,131113,004248
鵜の木,131113,004299
三軒茶屋,131121,004016;004022
上北沢,131121,003849
上町,131121,004020
上野毛,131121,004175
下北沢,131121,003908;003909
下高井戸,131121,003874;003877
世田谷,131121,004021
世田谷代田,131121,003931
九品仏,131121,004216
二子玉川,131121,004177;004178
代田橋,131121,003830
千歳烏山,131121,003861
千歳船橋,131121,003988
喜多見,131121,004053
奥沢,131121,004223
宮の坂,131121,003989
尾山台,131121,004205
山下,131121,003957
成城学園前,131121,004036
新代田,131121,003901
明大前,131121,003846;003855
東北沢,131121,003880
東松原,131121,003899
松原,131121,003915
松陰神社前,131121,004017
桜上水,131121,003862
桜新町,131121,004078
梅ヶ丘,131121,003945
池ノ上,131121,003914
池尻大橋,131121,003972
用賀,131121,004109
祖師ヶ谷大蔵,131121,004024
等々力,131121,004191
経堂,131121,003970
芦花公園,131121,003832
若林,131121,003996
西太子堂,131121,004006
豪徳寺,131121,003960
駒沢大学,131121,004069
代々木,131130,003743;003744;003746
代々木上原,131130,003847;003848
代々木八幡,131130,003837
代々木公園,131130,003845
代官山,131130,003985
初台,131130,003764
北参道,131130,003780
千駄ヶ谷,131130,003767
南新宿,131130,003750
原宿,131130,003828
参宮橋,131130,003778
国立競技場,131130,003775
幡ヶ谷,131130,003791
広尾,131130,003969
恵比寿,131130,003991;003992
新宿,131130,003701;003715
新宿三丁目,131130,003689
明治神宮前,131130,003844;003857
渋谷,131130,003922;003923;003924;003925;003926;003930;003932
神泉,131130,003938
笹塚,131130,003806
中野,131148,003568;003569
中野坂上,131148,003631;003643;003644
中野富士見町,131148,003688
中野新橋,131148,003679
新中野,131148,003638
新井薬師前,131148,003489
新江古田,131148,003367
東中野,131148,003549;003563
沼袋,131148,003475
落合,131148,003523
都立家政,131148,003453
野方,131148,003473
鷺ノ宮,131148,003451
上井草,131156,003437
下井草,131156,003444
久我山,131156,003710
井荻,131156,003440
八幡山,131156,003836
南阿佐ヶ谷,131156,003619
富士見ヶ丘,131156,003736
新高円寺,131156,003632
方南町,131156,003751
東高円寺,131156,003628
永福町,131156,003794
浜田山,131156,003763
芦花公園,131156,003832
荻窪,131156,003575;003577
西永福,131156,003777
西荻窪,131156,003579
阿佐ヶ谷,131156,003574
高井戸,131156,003752
高円寺,131156,003573
下板橋,131164,003285
北池袋,131164,003315
千川,131164,003324;003325
向原,131164,003407
大塚,131164,003375
大塚駅前,131164,003378
学習院下,131164,003490
巣鴨,131164,003354;003356
巣鴨新田,131164,003351
庚申塚,131164,003319
新大塚,131164,003431
新庚申塚,131164,003310
東池袋,131164,003432
東池袋四丁目,131164,003436
東長崎,131164,003393
板橋,131164,003286
椎名町,131164,003426
池袋,131164,003379;003381;003389;003390;003391;003400;003418
目白,131164,003470
落合南長崎,131164,003448
西巣鴨,131164,003293
要町,131164,003361;003362
都電雑司ヶ谷,131164,003443
雑司が谷,131164,003471
駒込,131164,003343;003348
鬼子母神前,131164,003468
上中里,131172,003277
北赤羽,131172,003130
十条,131172,003218
尾久,131172,003278
志茂,131172,003153
東十条,131172,003210
栄町,131172,003253
梶原,131172,003246
浮間舟渡,131172,003107
滝野川一丁目,131172,003276
王子,131172,003236;003241
王子神谷,131172,003207
王子駅前,131172,003239
田端,131172,003335;003336
西ヶ原,131172,003279
西ヶ原四丁目,131172,003289
赤羽,131172,003155;003157
赤羽岩淵,131172,003141;003142
飛鳥山,131172,003256
駒込,131172,003343
三ノ輪橋,131181,003370
三河島,131181,003359
南千住,131181,003352;003363;003369
宮ノ前,131181,003259
小台,131181,003255
新三河島,131181,003339
日暮里,131181,003406;003414;003417;003420
東尾久三丁目,131181,003284
熊野前,131181,003266;003270
町屋,131181,003302;003304
町屋二丁目,131181,003291
町屋駅前,131181,003299
荒川一中前,131181,003357
荒川七丁目,131181,003306
荒川二丁目,131181,003322
荒川区役所前,131181,003350
荒川車庫前,131181,003252
荒川遊園地前,131181,003254
西日暮里,131181,003358;003368;003373
赤土小学校前,131181,003298
ときわ台,131199,003223
上板橋,131199,003212
下赤塚,131199,003184
中板橋,131199,003233
地下鉄成増,131199,003163
地下鉄赤塚,131199,003186
大山,131199,003269
志村三丁目,131199,003158
志村坂上,131199,003165
成増,131199,003156
新板橋,131199,003268
新高島平,131199,003112
本蓮沼,131199,003193
東武練馬,131199,003194
板橋,131199,003286
板橋区役所前,131199,003245
板橋本町,131199,003216
浮間舟渡,131199,003107
蓮根,131199,003140
西台,131199,003128
西高島平,131199,003104
高島平,131199,003117
上石神井,131202,003427
中村橋,131202,003345
保谷,131202,003271
光が丘,131202,003225
地下鉄赤塚,131202,003186
大泉学園,131202,003263
富士見台,131202,003349
小竹向原,131202,003294;003295;003296
平和台,131202,003228
新桜台,131202,003311
新江古田,131202,003367
桜台,131202,003321
武蔵関,131202,003419
氷川台,131202,003261
江古田,131202,003337
石神井公園,131202,003292
練馬,131202,003328;003329;003330;003338
練馬春日町,131202,003243
練馬高野台,131202,003314
豊島園,131202,003305;003309
五反野,131211,003200
京成関屋,131211,003290
六町,131211,003133
北千住,131211,003257;003258;003260;003264;003267
北綾瀬,131211,003162
千住大橋,131211,003301
堀切,131211,003297
大師前,131211,003150
小菅,131211,003224
扇大橋,131211,003209
梅島,131211,003176
江北,131211,003171
牛田,131211,003288
竹ノ塚,131211,003101
綾瀬,131211,003214;003215
舎人,131211,003078
舎人公園,131211,003098
西新井,131211,003159;003160
西新井大師西,131211,003144
見沼代親水公園,131211,003060
谷在家,131211,003120
足立小台,131211,003235
青井,131211,003177
高野,131211,003196
お花茶屋,131229,003274
亀有,131229,003199
京成立石,131229,003323
京成金町,131229,003195
京成高砂,131229,003248;003249;003250;003251
四ツ木,131229,003376
堀切菖蒲園,131229,003273
新小岩,131229,003486
新柴又,131229,003244
柴又,131229,003232
金町,131229,003191
青砥,131229,003280;003281
一之江,131237,003724
京成小岩,131237,003303
小岩,131237,003360
平井,131237,003561
東大島,131237,003695
江戸川,131237,003331
瑞江,131237,003667
篠崎,131237,003565
船堀,131237,003745
葛西,131237,003894
葛西臨海公園,131237,004012
西葛西,131237,003890
めじろ台,132012,004019
中央大学・明星大学,132012,004031
京王八王子,132012,003934
京王堀之内,132012,004120
京王片倉,132012,004009
八王子,132012,003947;003948;003953
八王子みなみ野,132012,004082
北八王子,132012,003841
北野,132012,004007;004008
南大沢,132012,004163
大塚・帝京大学,132012,004051
小宮,132012,003726
山田,132012,004010
松が谷,132012,004077
清滝,132012,004083
片倉,132012,004038
狭間,132012,004035
西八王子,132012,003942
長沼,132012,004027
高尾,132012,004029;004033
高尾山,132012,004084
高尾山口,132012,004075
柴崎体育館,132021,003697
武蔵砂川,132021,003404
泉体育館,132021,003476
玉川上水,132021,003371;003377
砂川七番,132021,003447
立川,132021,003627;003634;003637
立川北,132021,003617
立川南,132021,003649
立飛,132021,003499
西国立,132021,003665
西武立川,132021,003428
西立川,132021,003581
高松,132021,003528
三鷹,132039,003587
吉祥寺,132039,003584;003588
武蔵境,132039,003590;003592
三鷹,132047,003587
三鷹台,132047,003674
井の頭公園,132047,003642
二俣尾,132055,003080
宮ノ平,132055,003127
御岳山,132055,003114
御嶽,132055,003087
日向和田,132055,003121
東青梅,132055,003113
沢井,132055,003076
河辺,132055,003134
滝本,132055,003099
石神前,132055,003096
軍畑,132055,003074
青梅,132055,003110
中河原,132063,003920
分倍河原,132063,003853;003858
北府中,132063,003771
多磨,132063,003790
多磨霊園,132063,003871
府中,132063,003821
府中本町,132063,003876;003878
府中競馬正門前,132063,003856
是政,132063,003944
東府中,132063,003850;003851
武蔵野台,132063,003891
白糸台,132063,003873
競艇場前,132063,003943
西府,132063,003831
中神,132071,003536
拝島,132071,003462;003464;003465;003466
昭島,132071,003507
東中神,132071,003562
西立川,132071,003581
つつじヶ丘,132080,003933
京王多摩川,132080,004013
仙川,132080,003903
国領,132080,003973
布田,132080,003975
柴崎,132080,003959
西調布,132080,003937
調布,132080,003966;003967
飛田給,132080,003916
すずかけ台,132098,004466
つくし野,132098,004441
南町田グランベリーパーク,132098,004484
多摩境,132098,004234
成瀬,132098,004414
玉川学園前,132098,004324
町田,132098,004387;004396
相原,132098,004206
鶴川,132098,004278
新小金井,132101,003653
東小金井,132101,003594
武蔵小金井,132101,003600
一橋学園,132110,003455
小川,132110,003333;003334
小平,132110,003340;003341
新小平,132110,003385
花小金井,132110,003430
青梅街道,132110,003382
鷹の台,132110,003450
万願寺,132128,003829
南平,132128,003952
多摩動物公園,132128,003977;003983
平山城址公園,132128,003990
日野,132128,003779
甲州街道,132128,003783
百草園,132128,003936
程久保,132128,003950
豊田,132128,003921
高幡不動,132128,003904;003905;003910
久米川,132136,003262
八坂,132136,003287
多摩湖,132136,003201;003202
新秋津,132136,003152
東村山,132136,003220;003221;003222
武蔵大和,132136,003231
秋津,132136,003151
萩山,132136,003312;003313
西武園,132136,003197
国分寺,132144,003599;003606;003607
恋ヶ窪,132144,003520
西国分寺,132144,003611;003614
国立,132152,003622
矢川,132152,003733
谷保,132152,003765
拝島,132187,003462;003464;003465;003466
東福生,132187,003282
熊川,132187,003411
牛浜,132187,003353
福生,132187,003300
和泉多摩川,132195,004105
喜多見,132195,004053
狛江,132195,004076
上北台,132209,003283
東大和市,132209,003365
桜街道,132209,003320
玉川上水,132209,003371
清瀬,132217,003179
秋津,132217,003151
東久留米,132225,003217
京王多摩センター,132241,004116
京王永山,132241,004086
唐木田,132241,004154
多摩センター,132241,004121
小田急多摩センター,132241,004118
小田急永山,132241,004090
聖蹟桜ヶ丘,132241,003971
京王よみうりランド,132250,004070
南多摩,132250,003980
矢野口,132250,004032
稲城,132250,004056
稲城長沼,132250,004011
小作,132276,003168
羽村,132276,003226
東秋留,132284,003433
武蔵五日市,132284,003372
武蔵増戸,132284,003383
武蔵引田,132284,003395
秋川,132284,003413
ひばりヶ丘,132292,003242
保谷,132292,003271
東伏見,132292,003408
田無,132292,003423
西武柳沢,132292,003409
箱根ヶ崎,133035,003180
古里,133086,003053
奥多摩,133086,003069
川井,133086,003062
白丸,133086,003065
鳩ノ巣,133086,003058
